ID,Comp ID,Application Date,Response Date,Follow up date,Company,Position,Resume link,Application link,Cover Letter,
1,1,2023-07-27,,,CSC Generation,Senior Full Stack Engineer,https://docs.google.com/document/d/1IMQEv80AIOrEGCYa7saInOYWVz7CdmsCtkBhQlsW5qI/edit,https://jobs.lever.co/cscgeneration-2/bdab5d05-0a69-48e6-8e44-6526441b9ac0?source=6,,
2,2,2023-07-25,2023-08-01,,Amazon,"SDE II Event - Vancouver, Amazon Store",,"SDE II Event - Vancouver, Amazon Stores",,
3,3,2023-08-01,,2023-09-26,Storm2,Full Stack Engineer,https://docs.google.com/document/d/1GxnkvkP6uyJXfKTX2IhMlTdItPgIQxmM8kgZbhPRM4M/edit,https://www.linkedin.com/jobs/view/3664975100/,,
4,4,2023-08-04,2023-08-17,,Push,"Full Stack Software Engineer, Integrations",https://docs.google.com/document/d/1ZvfgQobQjsqsZAjlJs6Gd6gMhG2ThAhyM0FLnfc-uaQ/edit,https://app-elb.pushoperations.com/ats/job-postings/b30a1aca-dd6f-4aab-9f52-091c2d7879a0/public,,
5,5,2023-08-05,,2023-09-26,Commit,Full Stack Engineer [Remote - US + Canada],https://docs.google.com/document/d/1nD2rclJMm_XUAVV7gRtRmaUR8PrwUj72F52Ua5v-zlE/edit,https://www.linkedin.com/jobs/view/3681517334,,
6,6,2023-08-05,2023-08-20,,Slack,"Software Engineer, Backend - Slack (Multiple Levels)",https://docs.google.com/document/d/1y_EOAqq4usk7Qg0AqC8OQI4-X3pvJlHCo6AqU_vg3H0/edit,https://salesforce.wd12.myworkdayjobs.com/en-US/Slack/job/Software-Engineer--Backend---Slack--Multiple-Levels-_JR207032-1,,
7,7,2023-08-21,2023-08-24,,MVP Talent Corp,Senior Frontend Developer,https://docs.google.com/document/d/1fjWkIjuQTxMteiPMAVX1GTD0tJ5EjZt0YVUcy8UzJ5w/edit#heading=h.3znysh7,Linkedin Quick apply,,
8,8,2023-08-21,,,Bounce,Senior Frontend Software Engineer,https://docs.google.com/document/d/1DKEAhFzXXC_2TKsQzWonAuhaXWuh6kYeHQD4kKEfcnY/edit,Linkedin Quick apply,,
9,9,2023-08-21,2023-08-24,,Synergy Loft Inc.,Full Stack Engineer,https://docs.google.com/document/d/1AwwmmZ488xus-DzhCdmp1NSH6_TnoRjxxq7Wg0nKuok/edit,https://www.linkedin.com/jobs/view/3692308472,,
10,10,2023-08-21,,2023-09-26,Sage Recruiting,Senior Full Stack Engineer,https://docs.google.com/document/d/1AwwmmZ488xus-DzhCdmp1NSH6_TnoRjxxq7Wg0nKuok/edit,https://www.linkedin.com/jobs/view/3691796005,,
11,11,2023-08-22,,2023-09-26,Busbud,Software Developer - Platform,https://docs.google.com/document/d/1AwwmmZ488xus-DzhCdmp1NSH6_TnoRjxxq7Wg0nKuok/edit#heading=h.ytp7hcl6fzta,https://www.linkedin.com/jobs/view/3667139355,,
12,12,2023-08-22,,,StackAdapt,Senior Full Stack Engineer - Internal Tools & Billing,https://docs.google.com/document/d/1AwwmmZ488xus-DzhCdmp1NSH6_TnoRjxxq7Wg0nKuok/edit#heading=h.ytp7hcl6fzta,https://www.linkedin.com/jobs/view/3674768930,,
13,13,2023-08-22,,,Affinity.co,Senior Full Stack Engineer,https://docs.google.com/document/d/1YRYsP0DC2hhxzqe93T9egoknlbwQFR8JmRQcYdyE2Qs/edit,https://www.linkedin.com/jobs/view/3675587733,,
14,14,2023-08-22,,,Applied Systems,Full Stack Developer (React.js),https://docs.google.com/document/d/1IkBTmm3sU5cWHQuop91xaXjn-RTMV0CWRIGEIVKbpFA/edit,https://www.linkedin.com/jobs/view/3675950142,,
15,15,2023-08-23,2023-08-23,,Zapier,"Sr. Engineer, Full Stack (Identity)",https://docs.google.com/document/d/1ANzR1JLbXUEQ0fLIc0NeKVymr7VmUfFPbyROeXXtPAk/edit,https://www.linkedin.com/jobs/view/3625493463,,
16,16,2023-08-23,2023-08-28,,CapIntel,Senior Software Developer - Frontend,https://docs.google.com/document/d/1XZxBYAnmcWrMjiYv3NYRU8Mr3Fe3TKsv1sEPQI-ous8/edit#heading=h.lnxbz9,https://www.linkedin.com/jobs/view/3689912441,,
17,17,2023-08-23,2023-08-26,,Pagefreezer,"Software Engineer, Fullstack",https://docs.google.com/document/d/140DJY-CAj0YnYyLTANsjtaSiUgcYp14Nm0sThOKYMeQ/edit,https://www.linkedin.com/jobs/view/3693019124,,
18,18,2023-08-23,,,Storm4 - AgTech,Full Stack Developer,https://docs.google.com/document/d/1f6pR4noIqq5PPG-VBbDSv-bx-gBfoVgBi5X40pej8cY/edit#heading=h.lnxbz9,https://www.linkedin.com/jobs/view/3680897384,,
19,19,2023-08-23,,,NextPath Career Partners,Full Stack Engineer ‚Äì React / Next.js ‚Äì REMOTE (3312),https://docs.google.com/document/d/1AwwmmZ488xus-DzhCdmp1NSH6_TnoRjxxq7Wg0nKuok/edit#heading=h.ytp7hcl6fzta,https://www.linkedin.com/jobs/view/3681722076,,
20,20,2023-08-23,,,Chime,Software Developer,https://docs.google.com/document/d/1gGSza6Y4PLfDvRXuj4t-T75KxJtzHRZ0DvsDT_z9824/edit,https://www.linkedin.com/jobs/view/3674498325,https://docs.google.com/document/d/1hFyyunCTKVmQK1Ly4TXDeGV_XRUDGT7Py6hV8FXYPjE/edit,
21,21,2023-08-23,,,Mosey,Senior Full Stack Software Engineer,https://docs.google.com/document/d/1G70rin5BJAMciD-VswqV31Cbl-fVjn1Ns0eCYYhmvHU/edit,https://www.linkedin.com/jobs/view/3696158465,,
22,22,2023-08-23,2023-08-26,,ETM Core,Frontend Developer - Remote,https://docs.google.com/document/d/1i1qE7bUK8Wm5yPQaEIUTxoKX9ZL8Rv7qe1-5SWtwLEI/edit#heading=h.1fob9te,https://www.linkedin.com/jobs/view/3695971987,,
23,23,2023-08-23,,,Stan,Full Stack Software Engineer,https://docs.google.com/document/d/1_nWfESeWnVc_i2zxUnjSLZK-BsEaWtt5ysFJug3B4co/edit,https://stanforcreators.notion.site/Full-Stack-Software-Engineer-a5165fa3b9224d7993ed3a8942aff739,,
24,24,2023-08-23,,,Shakepay,Senior Full Stack Developer (Remote - Canada),https://docs.google.com/document/d/1cwHIPCHfbgFnHUkcfNuN1VzQKp26hGFdEImmk0aRa1A/edit,https://www.linkedin.com/jobs/view/3668078067,,
25,25,2023-08-23,,,Basetwo AI,"Software Engineer, Full Stack",https://docs.google.com/document/d/1BGeCm_Td8FdjaOa9ca6tyGbFTmNOTqt6gDCZnlMmg9Q/edit,https://www.linkedin.com/jobs/view/3698167391,,
26,26,2023-08-23,2023-08-24,,Clipboard Health,Full-Stack Software Engineer,https://docs.google.com/document/d/1vPECtxA1ok8klpm8aUbQAUkewllYq5wkit8QU1MvJC8/edit,https://www.linkedin.com/jobs/view/3694285945,,
27,27,2023-08-24,,,Lululemon,"Senior Full Stack Engineer (Front End focus) - lululemon Studio (Hybrid, Vancouver)",https://docs.google.com/document/d/1wU0qMKYw0jijblW9DryejlhpGrs8ouOHlHPESM-M2ww/edit#heading=h.3znysh7,https://www.linkedin.com/jobs/view/3676776765,,DID NOT SHARED THE RESUME
28,28,2023-08-24,,,Sonos,Software Engineer - Content Systems,https://docs.google.com/document/d/1TFvzuK6gqTPc8lGAQ5Rvm1WQB3cqezrMGRVHo3VYyJQ/edit,https://www.linkedin.com/jobs/view/3697395126,,
29,29,2023-08-27,2023-09-01,,"BC Public Service ¬∑ British Columbia, Canada (Remote)",Full Stack Developer,https://docs.google.com/document/d/1AwwmmZ488xus-DzhCdmp1NSH6_TnoRjxxq7Wg0nKuok/edit#heading=h.ytp7hcl6fzta,https://www.linkedin.com/jobs/view/3698445449,,
30,30,2023-08-28,,,Konnect Way,Senior React + PHP Developer,https://docs.google.com/document/d/12TJszmIIe32zdwDUl0WveA21Fpyajbk8qjSZ44SrcXA/edit#heading=h.3znysh7,https://www.linkedin.com/jobs/view/3666768299,,
31,31,2023-08-28,,,d1g1t,Senior Frontend Engineer,https://docs.google.com/document/d/1J6zr9ZbyaM20RjBEgS0ESYkXTQJL_lNhx44uTgzxNfI/edit,https://www.linkedin.com/jobs/view/3674019087,,
32,32,2023-09-01,,,Roofr,Senior Frontend Engineer,https://docs.google.com/document/d/19OjTxUYlmW9dULfyY4SuiCLFGtkLPOmVYlboPwQ-zfc/edit,https://www.linkedin.com/jobs/view/3706104549,,
33,33,2023-09-01,2023-09-03,,Gigster Network,Senior Front-End Developer,https://docs.google.com/document/d/1hVSewcgMP8wE5bxKmG37oU78E0LQwhH4aiK55Q6cL6g/edit,https://www.linkedin.com/jobs/view/3686308419,,
34,34,2023-09-01,,,Swim Recruiting,PHP Software Engineer,https://docs.google.com/document/d/1_k5EVuEBlXm4yrJQmfvHDMxiV6DpmurMYPHRtfRbRDI/edit,https://www.linkedin.com/jobs/view/3690782285,,
35,35,2023-09-01,2023-09-13,,Adobe,Senior Software Engineer,https://docs.google.com/document/d/1m3slPBa57DQYQJ-u4MishvixcHvSCTrxOXCizbQtXdE/edit,https://www.linkedin.com/jobs/view/3704518292,,
36,36,2023-09-01,,,Pani,Full-Stack Developer,https://docs.google.com/document/d/1l3c0WP5UPJySqbY3UH7AnRVwIe6JIU9kkpaFk5txl0M/edit,https://www.linkedin.com/jobs/view/3701471334,,
37,37,2023-09-06,,,PYMNTS,Full-Stack React/Node.js Developer,https://docs.google.com/document/d/1OsVXEWJWSFU8J8IW48DRwdv5EWYSzCi7qJsQ1laxdTQ/edit#heading=h.17dp8vu,https://www.linkedin.com/jobs/view/3701790168,https://docs.google.com/document/d/1nJFmYZPJOuZ8g0JFxFPKv1OucniNOsarkd7FEnFgGms/edit,
38,38,2023-09-08,,,Milk Moovement,Full Stack Developer II,https://docs.google.com/document/d/1T8-4FhVaT9e4rzck6HUI9ChdQyTuELXO5EmTgNywMg0/edit#heading=h.1fob9te,https://www.linkedin.com/jobs/view/3706265507,,
39,39,2023-09-11,2023-10-20,,Klue,Intermediate Frontend Engineer ,https://docs.google.com/document/d/1DKFYV9LR34OwQ5l-eul7M_EQEzBuUdOzUtRj8nq-drY/edit,https://www.linkedin.com/jobs/view/3700024349,,
40,40,2023-09-11,,,Let's Roam,Junior & Mid-Level Full Stack Developer,https://docs.google.com/document/d/1IqF--kqnzQCPWtcKTQljkPFNDV-HjzzttZwODJHKAzA/edit#heading=h.aqqgyf1jcetq,https://www.linkedin.com/jobs/view/3689652497,,
41,41,2023-09-11,,,Pixieset,"Software Developer, Full Stack",https://docs.google.com/document/d/1VhKobNwy3EmVs1aDVa-bhvFsiuaySU8NGIIZBAWS9Qo/edit,https://pixieset.breezy.hr/p/c8abb7691da2-software-developer-full-stack,,
42,41,2023-09-11,,,Pixieset,"Software Developer, Full Stack (Growth)",https://docs.google.com/document/d/1VhKobNwy3EmVs1aDVa-bhvFsiuaySU8NGIIZBAWS9Qo/edit,https://pixieset.breezy.hr/p/047d313cd6f7-software-developer-full-stack-growth,,
43,24,2023-09-11,,,Shakepay,Intermediate Full Stack Developer (Remote - Canada),https://docs.google.com/document/d/11tZ7McxQ7JX4s9MkBTmzz28LwgR0CYM2H8Xc_XQWHJ4/edit,https://www.linkedin.com/jobs/view/3718410689,,
44,42,2023-09-12,,,Pattern Learning AI,Entry-Level React Developer - US/Canada,https://docs.google.com/document/d/1HLujYiV4G6GgtBNHuVBS8HPCqMHuMrEUCeRcFkp2B9g/edit,https://www.linkedin.com/jobs/view/3718050458,,
45,43,2023-09-12,2023-10-14,,Asana,"Software Engineer, Product",Easy Apply - Linkedin with Master resume,https://www.linkedin.com/jobs/view/3715546445,,
46,44,2023-09-12,2023-09-20,,Clevertech,Senior Full Stack Engineer - Javascript,,,,
47,45,2023-09-14,,,Randstad,Front End x 2 - Remote - 4 months,https://docs.google.com/document/d/1AwwmmZ488xus-DzhCdmp1NSH6_TnoRjxxq7Wg0nKuok/edit,https://www.linkedin.com/jobs/view/3712104136,,
48,46,2023-09-14,2023-10-16,,Fullscript,Javascript Engineer II,https://docs.google.com/document/d/1Qe6JW5TMHfdCr6-DMN0SYLPnMxYgwc0j0GqDwKZhIVk/edit,https://www.linkedin.com/jobs/view/3712103155,,
49,47,2023-09-18,2023-09-25,,Coconut,Senior Developer,https://docs.google.com/document/d/1CylxZDjhgVcA8duzPA9g74J0UuWmivt6Y9k5MP2-BvM/edit,https://www.linkedin.com/jobs/view/3695489352,,
50,48,2023-09-21,,,RainBarrel,Senior Full-Stack Developer,https://docs.google.com/document/d/1AM6JpR_FjSDX3-7koQZJ54fEV3kOlDuysKkhnnxztIU/edit,https://loknowcareers.applytojobs.ca/engineering+and+technology/24909,https://docs.google.com/document/d/1cTyKv_HtpPw0-VTlZO_F2WVcarDKjKn72bnMiUIPccU/edit,
51,49,2023-09-29,,,Fortinet,Web Developer,https://docs.google.com/document/d/1AM6JpR_FjSDX3-7koQZJ54fEV3kOlDuysKkhnnxztIU/edit,,,
52,50,2023-09-29,,,The Conference Board of Canada,Senior Web Developer (Remote),https://docs.google.com/document/d/1qQ5PyrR5wh6dtsM2W669skkii6iJ7r6zfd5lyKevJZA/edit,https://www.linkedin.com/jobs/view/3729800594,,
53,51,2023-09-29,2023-10-02,,SimplyPHP,Web Application Developer,https://docs.google.com/document/d/1JmKY176GWOhCEjYe7ZfM4YspCcRqUofN2dJGaERz4fU/edit,https://www.linkedin.com/jobs/view/3726280868,,
54,52,2023-09-29,,,Craver,Intermediate Frontend Developer,https://docs.google.com/document/d/1QhqFqvA3FJam6pC0JkW6Pha1LsQ229Q3FpL0s7Vw9rs/edit,https://www.linkedin.com/jobs/view/3726533471,,
55,53,2023-09-29,,,Super.com,Intermediate Software Engineer (Full Stack) (Remote),https://docs.google.com/document/d/169g8VMefgIlft_iYZpCJfVInHYH7EvqQwhOmk6eNsic/edit,https://www.linkedin.com/jobs/view/3726202995,,
56,51,2023-10-02,2023-10-05,,SimplyPHP,PHP Developer,https://docs.google.com/document/d/1JmKY176GWOhCEjYe7ZfM4YspCcRqUofN2dJGaERz4fU/edit,https://www.linkedin.com/jobs/view/3727230094,,
57,54,2023-10-02,,,PolicyMe,Software Engineer - Fullstack,https://www.linkedin.com/jobs/view/3727222280/?refId=da8434e9-6006-430e-b50c-b45cdf7cb65d&trackingId=gWHmAvJfQiCaRs7F%2FLLWXQ%3D%3D,https://www.linkedin.com/jobs/view/3727222280,,
58,55,2023-10-05,,,BrainStation,Web Developer - Educator,https://docs.google.com/document/d/1AwwmmZ488xus-DzhCdmp1NSH6_TnoRjxxq7Wg0nKuok/edit,https://brainstation.io/careers/jobs/educator-web-developer_5763039003,https://docs.google.com/document/d/10277CJtpVAiv20JMZ0n2OllFiW3n8rb_E8jVht-IbEw/edit,
59,56,2023-10-06,2023-10-07,,Jungle Scout,Software Engineer,https://docs.google.com/document/d/1AwwmmZ488xus-DzhCdmp1NSH6_TnoRjxxq7Wg0nKuok/edit,https://www.linkedin.com/jobs/view/3712198245,,
60,57,2023-10-07,,,HustleWing,Web Developer,https://docs.google.com/document/d/1AwwmmZ488xus-DzhCdmp1NSH6_TnoRjxxq7Wg0nKuok/edit,https://www.linkedin.com/jobs/view/3735228144,,
61,58,2023-10-07,,,eCapital Corp.,Full-Stack Software Developer,https://docs.google.com/document/d/1ja-ZUwe9QDFOn0sshAVSRK2XMoN9fsVv2g2lrZubJo4/edit,https://www.linkedin.com/jobs/view/3729786794,,
62,59,2023-10-07,2023-10-11,,Cedar,Software Engineer (Launch),https://docs.google.com/document/d/1AwwmmZ488xus-DzhCdmp1NSH6_TnoRjxxq7Wg0nKuok/edit,https://www.linkedin.com/jobs/view/3734045040,,
63,60,2023-10-12,,,Binance.us,Senior Web Developer (Remote),https://docs.google.com/document/d/1PgOJuQ8Kf0EJ2syicbWz9xDXG6DYjKRJpdt8GoATppI/edit,https://www.linkedin.com/jobs/view/3733303014,,
64,39,2023-10-13,,,Klue,Senior Frontend Engineer,https://docs.google.com/document/d/1DKFYV9LR34OwQ5l-eul7M_EQEzBuUdOzUtRj8nq-drY/edit,https://www.linkedin.com/jobs/view/3679654545,,
65,61,2023-10-13,,,Airble,Software Developer,https://docs.google.com/document/d/1gY9rf9FldwNkuLmu8Hfx-GZ-a7cVZq68qJEnrHxoUeI/edit,https://jobs.vantechjournal.com/software-developer-3439ae3c2a07,,
66,62,2023-10-23,2023-11-07,,Canny,Software Engineer,https://docs.google.com/document/d/10YDtKvbs4_cTIpR_xj3MCNIj45Q8v90w1zBpdEE9G7Q/edit#heading=h.lnxbz9,https://www.linkedin.com/jobs/view/3744539901,https://docs.google.com/document/d/1y5uYESnWEugCvUL5p5YaydhtzuMrsC1FvGAK91j29ww/edit,
67,63,2023-10-23,,,Fishtank,Front-End Developer,https://docs.google.com/document/d/1k--ozg39Ei9jnsuwTkKR3rLqFv5Jhd32Xm86xGtAYGU/edit,https://www.linkedin.com/jobs/view/3740404336,,
68,32,2023-10-23,,,Roofr,Senior Frontend Engineer,https://docs.google.com/document/d/1kUnMDbyY7246MSS3Gdoenvo8Z-ghpoVSJXTtGVqAgYE/edit,https://www.linkedin.com/jobs/view/3737481289,https://docs.google.com/document/d/1tfTo1fWZSqEGS4EV74bh8IoH3w1SodXP1hGR9zmYSoc/edit,
69,64,2023-10-31,2023-11-04,,Hootsuite,"Intermediate Software Developer, Full Stack",https://docs.google.com/document/d/1Sba_KdicGOghFBXGO2aQ00rY2dueNs7PCZYd53Qx_48/edit,https://careers.hootsuite.com/job/?gh_jid=5155303,https://docs.google.com/document/d/1eULrqVisj4pzqfJxbO_UsapSjFGlQtQKNcodjkc5hkI/edit,
70,65,2023-11-01,,,Aquanow,Intermediate Fronted Javascript Developer,https://docs.google.com/document/d/1mGNu41h3y25u3QlFdlyjrOpktoShgTKp1uQmfQL3968/edit,https://www.linkedin.com/jobs/view/3747519488,,
71,66,2023-11-01,,,Tucows,Sr Software Engineer - Domains,https://docs.google.com/document/d/19vN6yHMRGCQTjckihJciVEnAh78WfsUBDlB2TEuYnjg/edit#heading=h.3znysh7,https://www.linkedin.com/jobs/view/3749742392,https://docs.google.com/document/d/1tfTo1fWZSqEGS4EV74bh8IoH3w1SodXP1hGR9zmYSoc/edit,
72,67,2023-11-09,2023-11-14,,ResearchGate,Senior Full-Stack Engineer React & PHP,https://docs.google.com/document/d/1GiHUPezBa_UvOwlOqqLMAkLDuow1tn6yiF5LggEZCAI/edit,https://jobs.lever.co/researchgate/68129ddc-15ab-4999-bfab-0a6cf5ebbfd7/apply,https://docs.google.com/document/d/10OknjvMnW-Cr56QS523ry_YAO4_YNYRI5_E80IjD8R0/edit,
73,68,2023-11-09,2023-11-09,,Caddie,Senior Full Stack Software Engineer,https://docs.google.com/document/d/1F7S-AMCmxfGzQF6yLqAxLqBudXCg5pAUKMpwh9UslVY/edit,https://www.ycombinator.com/companies/caddie-ai/jobs/DZmfnRk-senior-full-stack-software-engineer?utm_source=syn_li,,
74,69,2023-11-09,,,Webisoft,ReactJS Developer,Latest resume,https://www.linkedin.com/jobs/view/3750356791,,
75,33,2023-11-09,2023-11-12,,Gigster Network,Senior Back-End Developer,https://docs.google.com/document/d/1hHP1fuHsuiUs-12HejAwg7y-hpJ_p0zKhSmrFHzGfEc/edit#heading=h.1fob9te,https://www.linkedin.com/jobs/view/3759808911,,
76,70,2023-11-09,,,CORADIX,Senior Web Developer - Government of Canada,https://docs.google.com/document/d/10U4lo3zNSGb6d4cwJQ7lA-ZBcWJh40o9_g-yUnt3VlA/edit,https://www.linkedin.com/jobs/view/3761113787,,
77,71,2023-11-09,,,Just Appraised,Frontend Developer,https://docs.google.com/document/d/1ZvzTlfWpqmDW1xOGhgzxyLg0dGh0rn4IiNYOM3bEdz4/edit#heading=h.lnxbz9,https://www.linkedin.com/jobs/view/3759083636,https://docs.google.com/document/d/1VLe4CWmX-XpuHAgfVWyyyGDUTzny_Bt1sn1QcmMbsmU/edit,
78,72,2023-11-09,,,Air Apps,Backend Developer - Join Our Talent Pool!,Latest resume,https://www.linkedin.com/jobs/view/3759307719,,
79,73,2023-11-09,,,UniUni,Senior Software Developer,Latest resume,https://ca.indeed.com/viewjob?from=app-tracker-post_apply-appcard&hl=en&jk=a54ef8e6c5f3db0b&tk=1heqjd880ih73800,,
80,74,2023-11-10,,,Konect,Backend Developer (PHP & Node.js),https://docs.google.com/document/d/1Je1SGxrSsndsHMgc4TY_vycHfa6tYcJsK8qo_h0MXr0/edit,https://www.linkedin.com/jobs/view/3756540894,,
81,75,2023-11-10,,,Loopio,Software Developer (Core Experience),https://docs.google.com/document/d/1BHFi9lCjTnCnhA6kjNnThsgf4EsKPxUjdbT3i11HffE/edit,https://www.linkedin.com/jobs/view/3721913457,,
82,76,2023-11-10,,,Fable,Full Stack Software Engineer,https://docs.google.com/document/d/1OBrKW5rFUshIordDpg-ajpS3kn0muoBc2gBhXutmMag/edit,https://www.linkedin.com/jobs/view/3737610422,,
83,77,2023-11-10,,,Salesforce,Full-Stack Software Engineer ‚Äì Application Development,https://docs.google.com/document/d/1Yuo9_o6oT8nNDU_BrMG2PZe0wU8HvsJZwdSnvu9yv7s/edit#heading=h.1fob9te,https://www.linkedin.com/jobs/view/3707152946,https://docs.google.com/document/d/10OknjvMnW-Cr56QS523ry_YAO4_YNYRI5_E80IjD8R0/edit,
84,78,2023-11-13,,,iContact,Senior Backend / Fullstack Software Engineer - iContact,https://docs.google.com/document/d/1lh0_F4e246VWhEBSLYh74CHodlm82e7LkAU8Ega_f3Q/edit,https://www.linkedin.com/jobs/view/3598861942,https://docs.google.com/document/d/1Yvv0H_lBgVF8RAs3321jl6bND3FB4ObQOcGHkrrexqA/edit,
85,79,2023-11-14,,,Dapper Labs,Senior Frontend Engineer I (Vancouver),https://docs.google.com/document/d/1OOZ2MMzlmnls5PzSKQtVvZYJUoWq6SPPwIwBcyDxYLU/edit,https://www.linkedin.com/jobs/view/3757054802/,,
86,80,2023-11-15,2023-11-17,,CommandLink,Full-Stack Software Engineer,https://docs.google.com/document/d/1Oqt3FUr0ogDUuSrs6KlnoJ-h4BfzfsAA8IBIM8--M44/edit,https://www.linkedin.com/jobs/view/3764114797,,
87,81,2023-11-28,2023-12-05,,Leonardo.io,Front End Engineer - Web Team,https://docs.google.com/document/d/16Z8abWBy9SaTS75xEW7BqZvEVUI2Qwx1Z2SQVCOf_Ek/edit,https://www.linkedin.com/jobs/view/front-end-engineer-web-team-at-leonardo-ai-3772384614/?utm_campaign=google_jobs_apply&utm_source=google_jobs_apply&utm_medium=organic&originalSubdomain=ca,,
88,82,2023-12-06,2023-03-25,,Doctors of BC,Front-end Web Developer,https://docs.google.com/document/d/1VIl0pXz__HKhpFHxiiBkr2HbgwQOaCLlHrajpy6-St8/edit#heading=h.1t3h5sf,https://ca.indeed.com/viewjob?jk=dadaaf5a5b3191a6&q=web+developer&l=North+Vancouver%2C+BC&tk=1hh0ohpi8lnil803&from=ja&alid=5cec69894caad346fc4c5046&xpse=SoCq67I3HhcHcfQfYh0LbzkdCdPP&utm_campaign=job_alerts&utm_medium=email&utm_source=jobseeker_emails&rgtk=1hh0ohpi8lnil803&xkcb=SoAR67M3Hg5IXlWq5J0JbzkdCdPP,https://docs.google.com/document/d/1lLCTPSd_JE8RuWdeZwes9i35QoGw3jTdJNEdHx1CYSE/edit,
89,83,2023-12-12,,,Super.com,Intermediate Software Engineer (Remote),https://docs.google.com/document/d/1EVsEEwgO2rzRzBSSeRqNaNhR-z6pR6X2QVaxOJlBacQ/edit,https://www.linkedin.com/jobs/view/3774805754,https://docs.google.com/document/d/14brq9XY0d6dBI1qRZINYmCBf8uXggFqMpAiB2NBiJ1s/edit,
90,84,2023-12-12,2024-01-29,,Warner Music Group,Software Engineer,https://docs.google.com/document/d/1z2vwe5C9_7eyMBmqWNlMmZgjhw67R9Uky9OUUYWOzqI/edit,https://www.linkedin.com/jobs/view/3774005925,,
91,85,2023-12-13,2024-01-02,2023-12-28,StreamYard,Senior Software Engineer,https://docs.google.com/document/d/1YPe9EEhusEfSRjMvPstLjNhi3ojDZjXiSbqd-0Y3Knw/edit#heading=h.3znysh7,https://www.linkedin.com/jobs/view/3779150770,,
92,86,2023-12-13,,,Sage Recruiting,Full Stack Engineer,https://docs.google.com/document/d/1JQLAcAESfcPAZr6qhYuWA8C6TNKJIf_E4gPMswRj-lQ/edit,https://www.linkedin.com/jobs/view/3766057778,,
93,87,2023-12-13,2023-12-18,,honeycomb.io,Midlevel Software Engineer (Violet Team),https://docs.google.com/document/d/1K74bet-uaL5EJXnka5ibbkVVmpbNhQ8mqOt1Pf1Qrww/edit,https://www.linkedin.com/jobs/view/3772672283,,
94,88,2023-12-13,,,Queen's University Canada,Web Developer,https://docs.google.com/document/d/14ZKraw6dWYrH-8crEUu3PmIKsb4Q-dCADK4nkla6WoY/edit,https://www.linkedin.com/jobs/view/3785563753,https://docs.google.com/document/d/11YB9y4V-0yxT9AebDO8UsBrrpOhmBKN4d-lx9i2DwNU/edit,
95,89,2023-12-13,,,CMI Canadian Mortgages Inc ,Intermediate PHP Developer,,https://www.linkedin.com/jobs/view/3774833409,,
96,90,2024-01-05,,,Dapper Labs,Frontend Engineer,https://docs.google.com/document/d/1NtuKhyuvmyjBqIu3z13wTMwcx3maynwus6VCO04KK30/edit,https://www.linkedin.com/jobs/view/3770165578,https://docs.google.com/document/d/1waFTaP8E9WyWLPHCK4k56BLq6PpbRXJNm1TyX3IxRf4/edit,
97,91,2024-01-06,,,Questrade Financial Group,Software Engineer (PHP),https://docs.google.com/document/d/1A4juWH7j2-SrG7gFHrUS2h4tt8kLuhtj3w5DC-URUes/edit,,https://docs.google.com/document/d/1jrJCpypfF0xZE1mwgFxgzviTiD5NLacj-xKdsefWBXw/edit,
98,92,2024-01-06,2024-01-09,,Whatnot,Frontend Engineer,https://docs.google.com/document/d/1PjI11RwIUD3Kl8U2dLV7MoUIiKNn3KxGJeIZ-Jlajh4/edit,,https://www.linkedin.com/jobs/view/3200740454,
99,93,2024-01-06,,,Euna Solutions,Software Developer,https://docs.google.com/document/d/187TDYPqeEMKYou9zK3JZxJcqH1R5Zh5DF3cfcI_ObAo/edit,https://www.linkedin.com/jobs/view/3794046447,,
100,94,2024-01-06,2024-02-19,,HeyOrca,Full-Stack Web Developer,https://docs.google.com/document/d/1t58ocYxGHk84X_5SsQzDI4O6fSYQObNid46rj_qgnI8/edit,https://www.linkedin.com/jobs/view/3798717737,,
101,95,2024-01-06,2024-01-19,,Canny,Software Engineer (Remote),https://docs.google.com/document/d/10YDtKvbs4_cTIpR_xj3MCNIj45Q8v90w1zBpdEE9G7Q/edit#heading=h.lnxbz9,https://www.linkedin.com/jobs/view/3799874101,https://docs.google.com/document/d/1y5uYESnWEugCvUL5p5YaydhtzuMrsC1FvGAK91j29ww/edit,
102,96,2024-01-09,2024-02-21,,BC Public Service,ISL 27R - Full Stack Developer - (102525),Latest resume,https://www.linkedin.com/jobs/view/3784438892,,
103,97,2024-01-10,,,felix,Senior Front End Engineer,https://docs.google.com/document/d/13ioiOohOko8poPkcfU0piT7xGNsldYtTYJT4PLkNQO8/edit,https://www.linkedin.com/jobs/view/3797711787,,
104,98,2024-01-14,2024-01-29,,Warner Music Group,Software Engineer,https://docs.google.com/document/d/14z04WVsFTaaAOeXHESAGOKKl2uGwiv4_cxZNhi2Uv4k/edit,,https://docs.google.com/document/d/1Z0WSZSgfSCr_Pe4vivGdi1fR15iRU05-s-rdjf-z5Qw/edit,
105,99,2024-01-14,,,Commit,Software Engineer (General Application),https://docs.google.com/document/d/1xN8KbCz0eF2Z5TqFZ-EL5JAyh5rjLkWdaTH8t155vZM/edit,,https://www.linkedin.com/jobs/view/3789685744,
106,100,2024-01-14,2024-03-12,,Affirm,Software Engineer (Loans Platform),https://docs.google.com/document/d/1zNRjCzaAKb7wWyZZ3pDH9-EmRy2ZHv3T0jixt9hhCGg/edit,https://www.linkedin.com/jobs/view/3790959679,https://docs.google.com/document/d/1jJ-JRz-RlHX9dWCFAe013L_iGH3WViStpzpac7T8ghg/edit,
107,101,2024-01-14,,,Zonda,Full Stack Developer,https://docs.google.com/document/d/1j47ddI0Bn77kzFM5an1XXFR_FMnz6uLqHwD2xFqhw1M/edit#heading=h.1t3h5sf,https://www.linkedin.com/jobs/view/3713620359,,
108,102,2024-01-14,,,Hive.co,,https://docs.google.com/document/d/1zuW2vHOr8BxsmLGThU5IqvubJt0x0RG2kRqoVgD768k/edit,https://www.linkedin.com/jobs/view/3776009795,,
109,103,2024-01-14,,,giftbit,FullStack Developer,https://docs.google.com/document/d/116nyL23c3Zl_TptIohVcCHrlYWw93cszqoNX-BMte10/edit,https://www.linkedin.com/jobs/view/3797053054,https://docs.google.com/document/d/1-3P6vDdP65irK63l2_NkvBbDN0dtwhsWCjlnIPBkMD0/edit,
110,104,2024-01-16,2024-04-15,,Apryse,Web Development Support Engineer,https://docs.google.com/document/d/1iMrHNmooB8eTbiyG4taTgqANCqBCo947HLlcOIKbvqQ/edit,https://www.linkedin.com/jobs/view/3786150277,,
111,105,2024-01-16,,,Viatec - Redbrick,Senior Web Developer,https://docs.google.com/document/d/1g1NMsKmt6KjXke0n1S3OQkrM7nkuoNJMrud0-f4UvUk/edit,https://www.bcjobs.ca/jobs/senior-web-developer-redbrick-canada-1484308,,
112,106,2024-01-16,,,Elastic,Senior Front End Developer,https://docs.google.com/document/d/13uJJsN8RE15L1N-TFA_OTU2R5uq2M_zGtMO5FmbskNQ/edit,https://www.linkedin.com/jobs/view/3806304983,,
113,107,2024-01-16,,,Feufo,Back End Developer (Node.js),Latest resume,https://www.linkedin.com/jobs/view/3806375835,,
114,108,2024-01-16,,,Kindertales,Senior Full Stack Software Engineer,https://docs.google.com/document/d/1B3sny-CUk38_uKzI0hcFk1dT1oSXYRdYSFIqDYVwKcY/edit#heading=h.lnxbz9,https://www.linkedin.com/jobs/view/3807756294/?trackingId=Eh%2BSMsSrD4njtq85j3VP%2FQ%3D%3D&refId=ByteString%28length%3D16%2Cbytes%3D91b33199...aa734200%29&midToken=AQH_C6qXrxr9gA&midSig=3DaME87J2uJX41&trk=eml-email_job_alert_digest_01-job_card-0-jobcard_body&trkEmail=eml-email_job_alert_digest_01-job_card-0-jobcard_body-null-a8ilj~lrgyanhu~an-null-null&eid=a8ilj-lrgyanhu-an&otpToken=MTMwMjFmZTkxMTJiYzhjNWJlMmYwMmVhNDMxYWUzYjE4OWNhZDE0MDk4YWI4NTZlNzNjNTA2NmY0NjVhNWRmM2ZjOTc5ZGUyNTBiMmRlZDA1ZWMxOThlMzQwMDRhOWZlNjkzMWE5YTNiNTIwMzk2MTUzLDEsMQ%3D%3D,https://docs.google.com/document/d/1J6CTVGuZoYcKGC22YRiVoQRQuGRjliXzIu1XUyXInTY/edit,
115,109,2024-01-24,,,Ecofish,Senior Full Stack Web Developer,Latest resume,indeed,,
116,110,2024-01-25,,,PHSA,Senior Software Developer,Latest resume,https://ca.indeed.com/viewjob?jk=714f11d24154cbc5&q=web+developer&l=North+Vancouver%2C+BC&tk=1hkv32jajkalg800&from=ja&alid=5cec69894caad346fc4c5046&xpse=SoDF67I3FfegqDX-8J0LbzkdCdPP&utm_campaign=job_alerts&utm_medium=email&utm_source=jobseeker_emails&rgtk=1hkv32jajkalg800&xkcb=SoDx67M3FfODfa7zJR0ObzkdCdPP,,
117,111,2024-01-25,2024-01-31,,lightspeed,Senior Full Stack Developer,https://docs.google.com/document/d/1U8XsVcCxk5KUuG8MkJanM5yGkQfUqD41q2xZSC1B7Dk/edit#heading=h.lnxbz9,https://boards.greenhouse.io/lightspeedhq/jobs/5622753?gh_src=ra52sj1#app,,
118,112,2024-01-25,2024-01-30,,lightspeed,Senior Backend Developer,https://docs.google.com/document/d/1U8XsVcCxk5KUuG8MkJanM5yGkQfUqD41q2xZSC1B7Dk/edit#heading=h.lnxbz9,https://boards.greenhouse.io/lightspeedhq/jobs/5496349#application,,
119,113,2024-01-25,2024-02-06,,veritree,Full-Stack JavaScript Developer,Latest resume,https://www.linkedin.com/jobs/view/3800134046,,
120,114,2024-01-25,,,Shift - Redbrick,Intermediate Web Developer,https://docs.google.com/document/d/1sszvxzH17rAkwoODZdcu6pP09i293Lr1d4gwGqfXet0/edit,https://rdbrck.bamboohr.com/careers/242,https://docs.google.com/document/d/10bp17wr1lKoIrdj5Ua3k5hfF3a90NQ6HUcPSUkRLGl4/edit,
121,115,2024-01-25,,,Shift - Redbrick,Senior Web Developer,https://docs.google.com/document/d/1sszvxzH17rAkwoODZdcu6pP09i293Lr1d4gwGqfXet0/edit,https://rdbrck.bamboohr.com/careers/242,https://docs.google.com/document/d/10bp17wr1lKoIrdj5Ua3k5hfF3a90NQ6HUcPSUkRLGl4/edit,
122,116,2024-01-25,,,Zillow,Senior Software Development Engineer,https://docs.google.com/document/d/1Tu0j4l5Esc4kw2Ng5KtqxJ-UlB7RkbZ_lCmhG8VyCZI/edit#heading=h.lnxbz9,https://www.bcjobs.ca/jobs/senior-software-development-engineer-vancouver-1486742,https://docs.google.com/document/d/1HJvyau535YvOL4cPlPNnDjO-cO29_yTiqSCz1H9LthU/edit,
123,117,2024-01-25,,,VictoriaBBS,Software Developer,https://docs.google.com/document/d/14vy8s5R5ab62BveLLuSl1lsC9pkq7d10yT0SOx15ZqY/edit,https://www.bcjobs.ca/jobs/software-developer-victoria-1462657,,
124,118,2024-01-26,2024-01-28,,Doxo,Front End Software Engineer,https://docs.google.com/document/d/1JmwIwLFX43Ldy_xcZ5ujBJg0pfS5MvQWdzqv7bfiDlU/edit,https://www.linkedin.com/jobs/view/3781998417,https://docs.google.com/document/d/1o9w0p1qG0JlTWPUz6kaK-lIlLdLsj3XbLLhe_4h4J3M/edit,
125,119,2024-01-26,,,Autodesk,Web Developer,https://docs.google.com/document/d/1puTCsu9R7cwjUE3orUkH6Ppy4hhpC3N-ev98GjD-MzA/edit,https://www.linkedin.com/jobs/view/3804150066/,,
126,120,2024-01-29,,,Stripe,"Full Stack Engineer, Security Reporting",https://docs.google.com/document/d/19crdD_1A50ZCsbgV6wk7NWgGEqR4KL62n2-jn-kSwHU/edit,https://stripe.com/jobs/listing/full-stack-engineer-security-reporting/5623775,,
127,121,2024-01-29,,,Stripe,"Full Stack Engineer, Connect",https://docs.google.com/document/d/19crdD_1A50ZCsbgV6wk7NWgGEqR4KL62n2-jn-kSwHU/edit,https://stripe.com/jobs/listing/full-stack-engineer-connect/5644613,,
128,122,2024-02-01,,,VPNforAndroid,Junior Full-Stack Engineer,https://docs.google.com/document/d/1dwQ-6r3jjDdCGBoh9C7atFHbmjmWp2Qn3KP1Oh0Yib4/edit,https://www.linkedin.com/jobs/view/3820006251,,
129,123,2024-02-01,,,Pixieset,Full Stack Engineer,https://docs.google.com/document/d/1mJf2Ac58tlAMoZ1cbgaYFa6lw41ifx-euWO9IrbItKw/edit,https://www.linkedin.com/jobs/view/3819785128,,
130,124,2024-02-01,,,Bucketlist,Software Developer,https://docs.google.com/document/d/1OszE5B1OpcwhhezeK5qAN-ieGKF-UmuZIKqBigFekfg/edit#heading=h.lnxbz9,https://www.linkedin.com/jobs/view/software-developer-at-bucketlist-rewards-and-recognition-3815993925,https://docs.google.com/document/d/1xJU3zX3Gol24Utw5skOFI-0ReOwLLjMYbs2GLeAK4fE/edit,
131,125,2024-02-01,,,Clio,Junior Web Developer,https://docs.google.com/document/d/10p-G22xXlebAEtiqb2UwxQwyLbgnFuCaT9RWDbN7WqU/edit,https://www.linkedin.com/jobs/view/3777161582,,
132,126,2024-02-01,,,Aha!,Senior Front End Engineer,https://docs.google.com/document/d/1xLeBGVFQYHsbSjl7pSQK-cBpOCWBeO7VTVXrNGBEpbw/edit,https://www.linkedin.com/jobs/view/3810824437,,
133,127,2024-02-02,2024-03-05,,Milk Moovement,Full Stack Developer II (Remote Canada),https://docs.google.com/document/d/1PCqQgK21qYvMtdSzgAmdngpiwin-9GCkSYbAEtqblWM/edit,https://www.linkedin.com/jobs/view/3802420845,,
134,128,2024-02-02,,,Bellwood Labs,Full-Stack Software Engineer (React),https://docs.google.com/document/d/1Ud_E1X2oeQB30srCV3qJKvV6cnZBjtvF9zeETCTghuE/edit,https://bellwoodlabs.applytojob.com/apply/9jciIsnu5R/FullStack-Software-Engineer-React-Canada,,
135,129,2024-02-02,2024-03-06,,Mozilla,Senior Frontend Engineer,https://docs.google.com/document/d/1Xy135QNf5a0pvUXWgiFL--0My3nlX3UQKYyHz4n-7RI/edit#heading=h.1fob9te,https://www.linkedin.com/jobs/view/3820507877,,
136,130,2024-02-02,,,Imperva,Senior Frontend Engineer- Remote,hakan-sivritepe-240201-latest-resume,https://www.linkedin.com/jobs/view/3749129707/,,
137,131,2024-02-02,2024-02-09,,felix,Senior Software Engineer,hakan-sivritepe-240201-latest-resume,https://www.linkedin.com/jobs/view/3803184939,,
138,132,2024-02-02,2024-02-05,,Determinate Systems,Frontend Engineer,hakan-sivritepe-240201-latest-resume,https://determinate.systems/careers/frontend-engineer,,
139,133,2024-02-05,,,Motorola Solutions,"Software Developer II, Front End",hakan-sivritepe-240201-latest-resume,https://motorolasolutions.wd5.myworkdayjobs.com/en-US/Careers/job/Vancouver-Canada/Software-Developer-II--Front-End_R43976?locationCountry=a30a87ed25634629aa6c3958aa2b91ea&locations=d0be8406d7eb01e1ef6d1c418c8cf679&jobFamilyGroup=2161bef685534428b91fad96fc9069b4,,
140,134,2024-02-06,,,Bench,Senior Software Engineer,https://docs.google.com/document/d/1EF9u_RysvMEIQzmZoDu24s5HycQ1sNcWtsCxiAfZS3w/edit,https://www.bench.co/careers/job?gh_jid=5601353,,
141,135,2024-02-07,,,Gigster Network,Associate Back-End Software Developer,https://docs.google.com/document/d/1p5clQpvhKpU7EW1swouxwuMqiYlLzW-sTJTvWKB45cA/edit#heading=h.lnxbz9,https://www.linkedin.com/jobs/view/3822827799,,
142,136,2024-02-07,,,Matomo,Full Stack PHP/JS Engineer Team Lead,https://docs.google.com/document/d/1p5_qmPKHM5-ksIqoT2Rhqn8VWeXMjutdQTzelcOldHg/edit,https://matomo.org/jobs/full-stack-php-js-engineer-team-lead/,,
143,137,2024-02-07,,,Backbone,Full Stack Web Developer,https://docs.google.com/document/d/1c5b4gqF-ZaanTZPwqvIiS2be_PT92Ll7dqGSdOsOun0/edit#heading=h.lnxbz9,https://backbone.digital/careers/job-positions/full-stack-web-developer#lets-talk,,
144,138,2024-02-07,,,TradableBits Media,Full Stack Web Developer (Software Engineer),hakan-sivritepe-240201-latest-resume,https://ca.indeed.com/viewjob?from=app-tracker-post_apply-appcard&hl=en&jk=9607996ed635ab24&tk=1hm2igjcri38u801,,
145,139,2024-02-07,,,ScalePad,Backend Developer (Remote),hakan-sivritepe-240201-latest-resume,https://ca.indeed.com/viewjob?from=app-tracker-post_apply-appcard&hl=en&jk=a9f309580f54ac51&tk=1hm2rq1lli4kj800,,
146,140,2024-02-12,2024-02-12,,Procurify,Frontend Software Engineer,https://docs.google.com/document/d/1AM5-2NBdaGyki7reWoaqK8yaRLpZ2kbDZlSs3rGzXlQ/edit,https://boards.greenhouse.io/procurify/jobs/4368547005?gh_src=401dd2745us,https://docs.google.com/document/d/1a4ALNiEDAbJzcvnMZ7aup09Dawy9AkWFwikPJfKmn0A/edit,
147,141,2024-02-15,Reapply,,Ecofish,Senior Full Stack Web Developer,Latest resume,indeed,,
148,142,2024-02-15,,,CliniCall,Full Stack Web Developer,https://docs.google.com/document/d/1PlqtKOzZmUKHqHpsB5Tim0K6CKPZaeOjbGIPZbajc10/edit#heading=h.lnxbz9,https://ca.indeed.com/viewjob?jk=0909972fc22cec29&q=web%20developer&l=North%20Vancouver%2C%20BC&tk=1hml67pmukalg801&from=ja%2CiaBackPress&alid=5cec69894caad346fc4c5046&xpse=SoAD67I3EVhPbOADpr0LbzkdCdPP&utm_campaign=job_alerts&utm_medium=email&utm_source=jobseeker_emails&rgtk=1hml67pmukalg801&xkcb=SoAO67M3EVYdiT63jR0LbzkdCdPP,,
149,143,2024-02-21,,,Scanline VFX,Front End Developer,hakan-sivritepe-240201-latest-resume,https://ca.indeed.com/viewjob?jk=4ed2cef16296cd18&q=web%20developer&l=North%20Vancouver%2C%20BC&tk=1hn71559pi9km800&from=ja%2CiaBackPress&alid=5cec69894caad346fc4c5046&xpse=SoBK67I3EnKVQiyCZ50LbzkdCdPP&utm_campaign=job_alerts&utm_medium=email&utm_source=jobseeker_emails&rgtk=1hn71559pi9km800&xkcb=SoAq67M3EnKampR0Wx0LbzkdCdPP,,
150,144,2024-02-22,,,#paid,Intermediate Front-End Engineer,,https://www.linkedin.com/jobs/view/3829341832/,,
151,145,2024-02-22,,,TEKsystems,Web Developer (JP-004317839),hakan-sivritepe-240201-latest-resume,https://www.linkedin.com/jobs/view/3832274850/,,
152,146,2024-03-03,,,"BC Public Service ¬∑ British Columbia, Canada (Remote)",ISL 21R - Full Stack Developer - Level 2,https://docs.google.com/document/d/1AwwmmZ488xus-DzhCdmp1NSH6_TnoRjxxq7Wg0nKuok/edit#heading=h.ytp7hcl6fzta,https://www.bcjobs.ca/jobs/isl-21r-full-stack-developer-level-2-campbell-river-cranbrook-fort-nelson-1494320?utm_source=LinkedIn&utm_medium=cpc&utm_campaign=SearchEngines,,
153,147,2024-03-04,,,Cohere,"Senior Full-Stack Software Engineer, Internal Tools",https://docs.google.com/document/d/11HHPLfT-EA5ENrroHCFNQPwXlvDNKEiUDygM9gTrxSw/edit,https://www.linkedin.com/jobs/view/3844644084/,,
154,148,2024-03-07,,,Leadership Connect,Full-stack Software Engineer (mid-senior level),https://docs.google.com/document/d/1NoB5BaRYmlaY8_bAsWMTchpOnySBzKuGERUAJg2Hs1A/edit,https://www.linkedin.com/jobs/view/3826273162/,,
155,149,2024-03-11,2024-04-15,,Lynker,React Javascript Developer,https://docs.google.com/document/d/1jucF-6BA9Af4BC2I-AO2BHzNt-00eLow3TB-5ezcdPo/edit,https://www1.jobdiva.com/portal/?a=1gjdnws1na2bwrh6xfwo01amv7cukq097bn9e5bdavn68l2x7r3926oji81spvb5&jobid=26129666#/jobs/26129666?compid=0&SearchString=&StatesString=&id=26129666&source=linkedin.com,,
156,150,2024-03-12,,,interactivetools,PHP Developer,https://docs.google.com/document/d/1NMieTFOKY6IeZLoaFuGoufprNY71q5cLu-kI32BXDZc/edit,https://ca.indeed.com/viewjob?jk=8d6809acc53f12c7&tk=1hoph6545hslc800&from=hp&advn=3644617905876292&adid=426743220&ad=-6NYlbfkN0ByJy_hyYkbCb9GilkVMzJbXSFSWwmuSXsGh8Tfvfuggb1kUrXa5TmqiNrLWKYnc8ntUJyA67OnazeI5GnLtTdIa_-xRX1UxMxqBAUWZ3L6bVQhSgi1aybo9SQJ1a1UtNlTrxR35whEYUx5TEdlBY9X2Tgkde9fQaSMwPOA1gH4fLW6_LHXdYD0RhdFHGBgitVYUa8n5mKJsT2UUkgnFEWyLtExOwbHX9XPZZYUU8lF-2Dpt_X9P7uvBQZ5ZlAs7KJU_gaIPLlEv0JsGpkSYjRE6Vd1fb5Phov8gTJZBJREkiohFiWP7oCF40MuhcEzfR7pnvk7EZJPOmvjle0iLEl7_VMR1o7S1mckSe3602Dd3UGx1ya_ZD2-cdLKoqkTcal4CLxc9Rg3EzpI2-1QhCXufJYstD_KLoNe372SzX-CgzmTEBkq0IkCsnWms3KQyx-xKeXYIBlGPJu0vKHoSrpxxGxZrXCecdUwDD7kLoK6GepJU9jJDETjw7ZXFxl4R3NKwGuG_OJ7aN8H7lj7fhOKhVJeGEDAd3Igo98rBSQKkFfupbWIQ94wP-S56qQd02s%3D&pub=4a1b367933fd867b19b072952f68dceb&camk=4HOcmqOLYrDlY_OouRR9MQ%3D%3D&xkcb=SoC06_M3DZqXaeWkyR0SbzkdCdPP&xpse=SoBQ6_I3DZgEGiRRo50IbzkdCdPP&vjs=3,https://docs.google.com/document/d/1NMieTFOKY6IeZLoaFuGoufprNY71q5cLu-kI32BXDZc/edit,
157,151,2024-03-12,,,Chainalysis,Frontend Software Engineer II,hakan-sivritepe-240304-latest-resume,https://www.linkedin.com/jobs/view/3842635299,,
158,152,2024-03-12,,,Affirm,"Software Engineer, Backend (Partner Interface)",https://docs.google.com/document/d/10RySTq8oSxY_DVi14ECzDYPkI1sKqS-mb3H98yzvL4c/edit,https://boards.greenhouse.io/affirm/jobs/5765591003#app,https://docs.google.com/document/d/1CG95Z7xpQ8eJqiTGUtxsXL4WI759ZHPE8qfYKGAMFy4/edit,
159,153,2024-03-12,2024-04-26,,Affirm,"Software Engineer II, Fullstack (Capital Orchestration)",https://docs.google.com/document/d/1cUel8Mbdd6d97LLfG7w121EUtl2t9meRAk-13Wi3gxU/edit,https://boards.greenhouse.io/affirm/jobs/5848767003,,
160,154,2024-03-12,,,Plooto,Front-End Engineer,https://docs.google.com/document/d/1G0mRiZ92-21QEHpHT940xcia6YaQvq_Dii6qIJNeRs0/edit,https://jobs.lever.co/Plooto/1afd1c0c-7c8e-44c0-8741-482d213309f6,,
161,155,2024-03-12,,,Shipfusion,Full Stack PHP Developer - Projects,https://docs.google.com/document/d/1CvjfqTtVc3uDLPLbZHzAZkbdqvRmT8QuihocoICPQiA/edit,https://www.linkedin.com/jobs/view/3849890202,https://docs.google.com/document/d/15LcvSfFfFGiiKC80ktNDsD8CX45AWXn7p-1ld2AHdWA/edit,
162,156,2024-03-12,,,Tactica Interactive,WordPress Developer,hakan-sivritepe-240304-latest-resume,https://ca.indeed.com/viewjob?jk=fa0764beb60f3197&q=Tactica+Interactive&tk=1hoq1k0ktjr5180k&from=web&advn=3166290479671742&adid=427015229&ad=-6NYlbfkN0BYgfg-D2QddfI9Wuwli90qUBrIWSzAIr8vt1e0nDgHi7FgWEV91rMlGw8SZSt8pwhBDTI5v10B5LOyYf69eCXIPiXDBCLji-zgSgRWTW9dmErpOIy7q5MLO_DZKuHATBvQHbnsoXJhOOJiq99xZ_d9AXuTHjjAGm-Y2h33RueJTWEYxafPu-bz02uKwvZ79Apdci8gYy_6gopr6Ncrr0KKw3oCTSEbIoAlOCxlcyt74VIwyQQxKdUR_JCz25XRa2NJT_-3WsWd0ez0MOF2DrZiWw9jcMLkd_0r8A1yndoruOmmcp91WDbEisCmJELjscuZaFMO6POVMtlxDeFRokI3N4E6NDKHMjR9YVxRey52pnwEhxOcJeFYcVHQOoFmR2zDhMEz1O9_-KUrfUbW6mUyguoA8ZHIFUJSDdmCsqYD6YJBBUNP_NkIGw3lE97dZHmNj8dDCKOTrwVz_f3wFZu1UpdB8rIrQvRrzvw7G_ZeEhA0XB5rB3um&pub=4a1b367933fd867b19b072952f68dceb&camk=4HOcmqOLYrAORzTAhgDWdw%3D%3D&xkcb=SoCJ6_M3DaLfwgg41z0LbzkdCdPP&xpse=SoAk6_I3DaLWqZRj7p0JbzkdCdPP&vjs=3,https://docs.google.com/document/d/1KhuZ1PaxQRFF-HHq-fq_-W7BCB4q9dT-12mVe5blUZ0/edit,
163,157,2024-03-12,,,Tactica Interactive,Developer,hakan-sivritepe-240304-latest-resume,https://ca.indeed.com/cmp/Tactica-Interactive/jobs?jk=aeeef28c6a3f975a&start=0,,
164,158,2024-03-12,,,BusyQA,Full Stack Web Developer Instructor,https://docs.google.com/document/d/1YG6UK1ipUIu2DHXVqMRejHosn2MWNltMnv9f5YXwZYE/edit,https://ca.indeed.com/viewjob?jk=9c4ce29bf0075098&q=Full+Stack+Web+Developer+Instructor&tk=1hoq7ab8qi430804&from=web&advn=5486925537503324&adid=419985379&ad=-6NYlbfkN0DnDWClPfF-KQRVzl2FcAFe_98tEShlvlYehe7eT_caiZW8FlNvr8ABePCrRGI2VqpWh_AwxoMDe5f7TKNX3FDaBotEQ8MCJnscLqnn2Z0zxde3opI9pkN59xTT_P5YLj2Hix-PePtZ0aEFsc8OIiE5tIlQ4-PE6gHYOO6956sD80z7XcqzTSorpDyLL2Kr-K0o9RKT5Qibg2kavvZURwxH3_quGHRNzqc1PvTrosWkrYal9tCji-dzGDWygq6mo_wpWQXkJbIL8jnrMzsRQyO5r7gTCoDH9ydrfFJOJGMrXjcQgovs8PWS1kAUJV2hzVW513mPh3G3N2U2ftOAiT0FF51G0WY4Yu1AHw6CThRU5c-0MKvHQo8MBbBARnyjwjvkK0MlvC1TmV9x31xJTTIvV8nay2n4Q9BIlXduoqvlRkoWXbsuffaBMmXZ8l1dzVriOg_ItuyOobpvCu7POL_OFGnnECul3JmF8Bl58kITpkf2x-uJouhE&pub=4a1b367933fd867b19b072952f68dceb&camk=f416UQcMBpBg1g4NuTFuFw%3D%3D&xkcb=SoDI6_M3DaGmtoWNkB0LbzkdCdPP&xpse=SoAA6_I3DaGlwAwlax0JbzkdCdPP&vjs=3,https://docs.google.com/document/d/1euGt4MyGw8zJbyHyaJ_gW8ARYpBnNzBDZsbGYdd_qQA/edit,
165,159,2024-03-14,,,Cornerstone College (CICCC),Web Development Instructor,https://docs.google.com/document/d/1hbDuifi942wHQ9JhnPCoy4CY4RDQa3RQzUqu7bgLZSE/edit,,,
166,160,2024-03-18,,,Evenup,Full-Stack Engineer,hakan-sivritepe-240304-latest-resume,https://www.linkedin.com/jobs/view/3860723819,,
167,161,2024-03-19,2024-03-22,,Grammarly,"Software Engineer, Full-Stack (Quality Tools)",hakan-sivritepe-240304-latest-resume,https://www.linkedin.com/jobs/view/3829241433,,
168,162,2024-03-19,,,Fiska,Intermediate Software Engineer,hakan-sivritepe-240304-latest-resume,https://www.linkedin.com/jobs/view/3862385077,,
169,163,2024-03-19,2024-04-29,,felix,Software Engineer (Intermediate),https://docs.google.com/document/d/1nSSGO_tFBSEhKu4XBdFwjIp7zd6L7CFrO30J6kyLXAE/edit,https://www.linkedin.com/jobs/view/3860725268,,
170,164,2024-03-19,,,UBC,Support Coordinator ( JR16529 ),https://docs.google.com/document/d/1eDWIEUYJveYLPEZiJ-NxtLj-Xx8bRvVN_r_snIDhgEM/edit#heading=h.jozc95pp3e0,https://ubc.wd10.myworkdayjobs.com/en-US/ubcstaffjobs/job/UBC-Vancouver-Campus/Support-Coordinator_JR16529?q=support,,
171,165,2024-03-19,,,BrainHunter,Senior Developer,hakan-sivritepe-240304-latest-resume,Linkedin message,,
172,166,2024-03-19,2024-04-22,,Scribd,"Software Engineer (Full-Stack, Front-end Focused)",https://docs.google.com/document/d/1Op0zLVFTWVAJUeRUYFJA2k6dlGXFRzt3mlIVTiLk7kM/edit,https://www.linkedin.com/jobs/view/3862942361,,
173,167,2024-03-21,,,Sphera,"Software Engineer, PHP",https://docs.google.com/document/d/1qeArcfJ_6ID53mCcN5AsJ7nA57Y1IQxIGXQpfi-svk4/edit#heading=h.1fob9te,https://sphera.wd1.myworkdayjobs.com/Careers/job/CA-Remote/Software-Engineer_R103333?source=LinkedIn,https://docs.google.com/document/d/1KFC_hfR1HaoG9X9Wr7Cq1QKOrlPznKeNpPzD0GVV09w/edit,
174,168,2024-03-26,,,Gigster Network,Associate Back-End Software Developer,hakan-sivritepe-240304-latest-resume,https://www.linkedin.com/jobs/view/3870957142,,
175,169,,,,Craver,Senior Software Developer (Frontend/React/React Native),hakan-sivritepe-240304-latest-resume,https://www.linkedin.com/jobs/view/3868992082,,
176,170,2024-04-01,2024-04-15,,ecobee,"Software Engineer, Web - Contract (12-months)",hakan-sivritepe-240304-latest-resume,https://www.ecobee.com/en-ca/careers/job-board/?gh_jid=5786200&gh_src=ca454a6c1us,,
177,171,2024-04-02,,,Agentis Capital,Intermediate JavaScript Developer,https://docs.google.com/document/d/1GzbObSKPCmH7rgilZwPnzDOGjm9nck1ZiD5UMSvv5RY/edit#heading=h.lnxbz9,https://agentiscapital.hiringplatform.ca/processes/165727-intermediate-javascript-developer?locale=en,https://docs.google.com/document/d/1S6JxFgIXcb1rDSzi3b3PY3F9ZI4APSUotmhF0veEOCc/edit,
178,172,2024-04-02,,,VersaFile,Front End UI Developer,https://docs.google.com/document/d/1bJeb14ERibbnK84fdwUl9wRUwVaVdSEp_ZMQV6OZdHc/edit,https://ca.indeed.com/viewjob?jk=65cb5fcd993aa757&q=web+developer&l=North+Vancouver%2C+BC&tk=1hq156hqhkbib800&from=ja&alid=5cec69894caad346fc4c5046&xpse=SoAN67I3CQaK2XzehR0LbzkdCdPP&utm_campaign=job_alerts&utm_medium=email&utm_source=jobseeker_emails&rgtk=1hq156hqhkbib800&xkcb=SoC-67M3CBCVqqWenB0IbzkdCdPP&applied=1,https://docs.google.com/document/d/1weOZBkHColcJvrrC0oK7NmOfjUIWTABIZnLDRpvOtFc/edit,
179,173,2024-04-08,,,Cognitus,React JS Developer,hakan-sivritepe-240304-latest-resume,https://www.livehire.com/careers/cognitus/job/X9K8K/AVO6G0EH95/react-js-developer,,
180,174,2024-04-08,,,Pixieset,"Software Developer II, Full Stack",https://docs.google.com/document/d/1faf_hkkWbqZFzwqOybMLj0m7V5dcmJOLSeaav-t41k4/edit#heading=h.lnxbz9,https://www.linkedin.com/jobs/view/3882433407,,
181,175,2024-04-08,,,Studiothink,Web Developer,https://docs.google.com/document/d/1Gsnv9_OpbQ0qU1f5nnZbogqvTuFwnsHpfCSND_vVp6k/edit#heading=h.lnxbz9,https://www.linkedin.com/jobs/view/3885919026,https://docs.google.com/document/d/1gVHRhwUT8N4slMbMM7p84R_c43p-mrUiDca9WHcjF_Y/edit,
182,176,2024-04-08,,,AMUR Financial Group,Senior Full Stack Web Developer,https://docs.google.com/document/d/1B-1Lia9FfO-Bq831s9bT9OfZT7dJTefhBHvStmFiDas/edit,https://ca.indeed.com/pagead/clk?mo=r&ad=-6NYlbfkN0A9ckmT2uGkSCyXozVPxvfNKYUGFDx48UgxxPh3zTAsth02gPIRQCGLVbCZ98OfiQMgluZ9fEmAhks2ZJO5K6RFI5AA_wtAtudouKEED86lPGBE95frwoOJTC3iC3ay1FsixOiw6hDfo7_UWmGsHfqEq27dJ6txsHX2jpZgBj_LLusHbh8Wpsj5J7aaGmVrKMzJK40pxGanwKy_H7MBl02WwaRPKroVAeThPImgeqUI2je2FFP0iD20gMQDjK0gHlGD9TgoDe1czy_CVWF_MGXZPbL7Fa2Pan27w5pv8Hl_A2vpT7fhuMI6JB5rx4KLkeN_vltGKvksAN9DAcqWc_8imATXiClEFGkVr9yuNWOlHj0N1YMIT4CypZpJ2FviwoSHYIQeHBA1z8oUX8PsTFfz8mi2AXXhjX5XblWmE02RvgFauG3HsYVbZ9dA5cxxJNg9QnOU1KskqUYWsSPMivG2iKMczgczg-zqr0jFrcitpiZjz4OtWY6jHlm1ZILGW3Ok7XGmp8B5n8WOb3gX8UbpvuH8ntt7rw4S_JdwfEoafw2Tpy2wORqTk1HXiEi6Vx-GVkPjEL9ogjIzvbVzCj_fyPgejW3-2uhqg5ZfhSOjbPDKTvq3TiNJ0jjOmvDYarOQF44_AB-NO0D_FzmHGR5ZkMUd_ZfUa1xaXC1nU6vRRg==&xkcb=SoBy6_M3Cfx8_u3vZR0KbzkdCdPP&camk=4HOcmqOLYrB15c8YG_bpzQ==&p=1&fvj=1&vjs=3&tk=1hqvssovpj5mt841&jsa=8087&oc=1&sal=1,https://docs.google.com/document/d/1gf84Agz1KFoGEeLwNq1qJpyWXWEFDKoK2-6RtYSSEUo/edit,
183,177,2024-04-08,,,Cortico Health,Software Engineer (Junior or Mid-level),hakan-sivritepe-240304-latest-resume,https://ca.indeed.com/rc/clk?jk=57c9f7fd40a231d3&bb=RXlouW1j7giVElnOpyBxKEAOP0W51ml421_RzEK8KSUeuyt4gxYOby7oxCW2CTpOABJFu_CY36IZUZyvc8_5N5mLgmCdMr3_PsCoSo85zur7JnM0doDrew%3D%3D&xkcb=SoC367M3Cf14kB3vZp0LbzkdCdPP&fccid=1156f8aa7d5c8984&cmp=Countable-Web-Productions&ti=Software+Engineer&vjs=3,https://docs.google.com/document/d/1y39UfLDIu5O5IOKTpobtlIpnNmgtbV-oXudIlmh_Brg/edit,
184,178,2024-04-12,,,ServiceTitan,Senior Software Engineer (FieldRoutes),https://docs.google.com/document/d/1lu7STVQ6Xi8AtCd2fU7EFGw90oWAiO7GGjNF1VKMWig/edit,https://servicetitan.wd1.myworkdayjobs.com/ServiceTitan/job/Int-Canada-Remote/Senior-Software-Engineer--FieldRoutes-_JR107991,https://docs.google.com/document/d/1GzTheuj91Wv704Tn4fPV1_PMX0o1icgHImA2NXm7EPQ/edit,
185,179,2024-04-22,,,Matomo,"Senior Web Developer (Canada, New Zealand)",,https://www.linkedin.com/jobs/view/3903256603,,
186,180,2024-04-25,,,Acro Commerce,Back End Developer (Remote Friendly),https://docs.google.com/document/d/1RKonFHOfsa-0NMWt5XMyF2ossw1Pyxcgc5yyq5JzBiY/edit,https://www.linkedin.com/jobs/view/3910963282,https://docs.google.com/document/d/1qwucLeG7gk5ftxxq8Ww9fA1U7rlF5B3wudyoXM9AVMI/edit,
187,181,2024-04-26,,,Info-Tech Research Group,Intermediate Software Developer,https://docs.google.com/document/d/1w46mVzjXTboocRstihUFJN-jGTtnnf1CCHSb0bx4cmQ/edit,https://www.linkedin.com/jobs/view/3905569669,https://docs.google.com/document/d/1ZrcBrP5AZFSuEHtkWK7CdL-TUIbZ-l4V3qaJKhkYDUk/edit,
188,182,2024-05-10,,,KOHO,Junior Software Developer (Backend),https://docs.google.com/document/d/1eDbUCKNpjTiMARxtJPCkeU4VJHNhhB5IOwY5jOQ8nAw/edit,https://www.linkedin.com/jobs/view/3918535106,,
189,183,2025-06-01,easy apply,,HCLTech,Full Stack Engineer (ReactJs & PHP),250530-Hakan-Sivritepe-resume,https://www.linkedin.com/jobs/view/4234108491,,
190,184,2025-06-01,corp web,,slice,"Software Developer, Web",250530-Hakan-Sivritepe-resume,https://www.linkedin.com/jobs/view/4217368339,,
191,185,2025-06-01,easy apply,,Pentasia,Frontend Developer,250530-Hakan-Sivritepe-resume,https://www.linkedin.com/jobs/view/4240117985,,
192,186,2025-06-01,corp web,,super.com,Intermediate Full Stack Software Engineer,250530-Hakan-Sivritepe-resume,https://www.linkedin.com/jobs/view/4198148722,,
193,187,2025-06-01,corp web,,thinkific,Intermediate Full Stack Engineer,250530-Hakan-Sivritepe-resume,https://www.thinkific.com/careers/job-post/?gh_jid=8011706002,,
194,188,2025-06-01,corp web,,Cozey,Software Engineer (Front-End),250530-Hakan-Sivritepe-resume,https://www.linkedin.com/jobs/view/4219003466,,
195,189,,,,,,,,,
196,190,,,,,,,,,
197,191,,,,,,,,,
198,192,,,,,,,,,
199,193,,,,,,,,,
200,194,,,,,,,,,
201,195,,,,,,,,,
202,196,,,,,,,,,
203,197,,,,,,,,,